what,kind,bundleId,bundleVersion,description,time
activated,workbench,org.eclipse.ui.workbench,3.6.1.M20100826-1330,"",1360943718032
deactivated,workbench,org.eclipse.ui.workbench,3.6.1.M20100826-1330,"",1360943723583
executed,command,,,"com.altera.sbtgui.launch.hardware.Nios2HardwareLaunchShortcut.run",1360943747854
started,bundle,org.eclipse.cdt.dsf,2.1.0.201009141542,"org.eclipse.cdt.dsf",1360943752665
started,bundle,org.eclipse.cdt.dsf.gdb,3.0.0.201009141542,"org.eclipse.cdt.dsf.gdb",1360943752665
opened,view,com.altera.sbtgui.launch,12.0.0.178,"com.altera.sbtgui.launch.hardware.ByteStreamConsoleView",1360943754895
started,bundle,org.eclipse.cdt.debug.mi.ui,6.1.0.201009141542,"org.eclipse.cdt.debug.mi.ui",1360943755215
started,bundle,org.eclipse.cdt.debug.mi.core,7.0.1.201009141542,"org.eclipse.cdt.debug.mi.core",1360943755215
activated,workbench,org.eclipse.ui.workbench,3.6.1.M20100826-1330,"",1360943763077
activated,view,com.altera.sbtgui.launch,12.0.0.178,"com.altera.sbtgui.launch.hardware.ByteStreamConsoleView",1360943776070
deactivated,workbench,org.eclipse.ui.workbench,3.6.1.M20100826-1330,"",1360943780330
activated,workbench,org.eclipse.ui.workbench,3.6.1.M20100826-1330,"",1360943781570
deactivated,workbench,org.eclipse.ui.workbench,3.6.1.M20100826-1330,"",1360943782440
activated,workbench,org.eclipse.ui.workbench,3.6.1.M20100826-1330,"",1360943980675
deactivated,workbench,org.eclipse.ui.workbench,3.6.1.M20100826-1330,"",1360943981265
activated,workbench,org.eclipse.ui.workbench,3.6.1.M20100826-1330,"",1360943982205
deactivated,workbench,org.eclipse.ui.workbench,3.6.1.M20100826-1330,"",1360943982215
activated,workbench,org.eclipse.ui.workbench,3.6.1.M20100826-1330,"",1360943982225
activated,view,org.eclipse.ui.navigator.resources,3.4.201.M20100707-0800,"org.eclipse.ui.navigator.ProjectExplorer",1360943986905
deactivated,workbench,org.eclipse.ui.workbench,3.6.1.M20100826-1330,"",1360943990706
activated,workbench,org.eclipse.ui.workbench,3.6.1.M20100826-1330,"",1360943997646
deactivated,workbench,org.eclipse.ui.workbench,3.6.1.M20100826-1330,"",1360944002366
activated,workbench,org.eclipse.ui.workbench,3.6.1.M20100826-1330,"",1360944027507
executed,command,,,"com.altera.sbtgui.launch.hardware.Nios2HardwareLaunchShortcut.run",1360944028717
activated,view,com.altera.sbtgui.launch,12.0.0.178,"com.altera.sbtgui.launch.hardware.ByteStreamConsoleView",1360944035337
activated,view,org.eclipse.ui.console,3.5.0.v20100526,"org.eclipse.ui.console.ConsoleView",1360944040800
activated,view,com.altera.sbtgui.launch,12.0.0.178,"com.altera.sbtgui.launch.hardware.ByteStreamConsoleView",1360944049422
activated,editor,org.eclipse.cdt.ui,5.2.1.201009141542,"org.eclipse.cdt.ui.editor.CEditor",1360944066573
deactivated,workbench,org.eclipse.ui.workbench,3.6.1.M20100826-1330,"",1360944073033
activated,workbench,org.eclipse.ui.workbench,3.6.1.M20100826-1330,"",1360944098544
deactivated,workbench,org.eclipse.ui.workbench,3.6.1.M20100826-1330,"",1360944098794
activated,workbench,org.eclipse.ui.workbench,3.6.1.M20100826-1330,"",1360944099804
started,bundle,org.eclipse.cdt.mylyn.ui,1.1.3.v20100909-0100-e3x,"org.eclipse.cdt.mylyn.ui",1360944100104
closed,workbench,org.eclipse.ui.workbench,3.6.1.M20100826-1330,"",1360944100234
stopped,bundle,org.eclipse.cdt.debug.mi.ui,6.1.0.201009141542,"org.eclipse.cdt.debug.mi.ui",1360944100854
stopped,bundle,com.altera.debug.cdi.gdb.plugin,12.0.0.178,"com.altera.debug.cdi.gdb.plugin",1360944100854
stopped,bundle,com.altera.sbtgui.launch,12.0.0.178,"com.altera.sbtgui.launch",1360944101854
stopped,bundle,org.eclipse.cdt.debug.mi.core,7.0.1.201009141542,"org.eclipse.cdt.debug.mi.core",1360944101854
stopped,bundle,org.eclipse.cdt.debug.ui.memory.memorybrowser,1.2.0.201009141542,"org.eclipse.cdt.debug.ui.memory.memorybrowser",1360944101854
stopped,bundle,org.eclipse.cdt.debug.ui.memory.search,1.2.0.201009141542,"org.eclipse.cdt.debug.ui.memory.search",1360944101854
stopped,bundle,org.eclipse.cdt.dsf.gdb.ui,2.1.0.201009141542,"org.eclipse.cdt.dsf.gdb.ui",1360944101854
stopped,bundle,org.eclipse.cdt.dsf.ui,2.1.1.201009141542,"org.eclipse.cdt.dsf.ui",1360944101854
stopped,bundle,org.eclipse.cdt.gdb.ui,7.0.0.201009141542,"org.eclipse.cdt.gdb.ui",1360944101854
stopped,bundle,org.eclipse.cdt.dsf.gdb,3.0.0.201009141542,"org.eclipse.cdt.dsf.gdb",1360944101854
stopped,bundle,com.altera.sbtgui.ui,12.0.0.178,"com.altera.sbtgui.ui",1360944101854
stopped,bundle,com.altera.sbtgui.project,12.0.0.178,"com.altera.sbtgui.project",1360944101854
stopped,bundle,org.eclipse.cdt.launch,6.1.0.201009141542,"org.eclipse.cdt.launch",1360944101854
stopped,bundle,org.eclipse.cdt.debug.ui,7.0.0.201009141542,"org.eclipse.cdt.debug.ui",1360944101854
stopped,bundle,org.eclipse.cdt.debug.ui.memory.traditional,1.2.0.201009141542,"org.eclipse.cdt.debug.ui.memory.traditional",1360944101854
stopped,bundle,org.eclipse.cdt.dsf,2.1.0.201009141542,"org.eclipse.cdt.dsf",1360944101854
stopped,bundle,org.eclipse.cdt.debug.core,7.0.0.201009141542,"org.eclipse.cdt.debug.core",1360944101854
stopped,bundle,org.eclipse.cdt.managedbuilder.ui,7.0.0.201009141542,"org.eclipse.cdt.managedbuilder.ui",1360944101854
stopped,bundle,org.eclipse.cdt.make.ui,7.0.0.201009141542,"org.eclipse.cdt.make.ui",1360944101854
stopped,bundle,org.eclipse.cdt.managedbuilder.gnu.ui,7.0.0.201009141542,"org.eclipse.cdt.managedbuilder.gnu.ui",1360944101854
stopped,bundle,org.eclipse.cdt.managedbuilder.core,7.0.1.201009141542,"org.eclipse.cdt.managedbuilder.core",1360944101854
stopped,bundle,org.eclipse.cdt.make.core,7.0.0.201009141542,"org.eclipse.cdt.make.core",1360944101854
stopped,bundle,org.eclipse.cdt.mylyn.ui,1.1.3.v20100909-0100-e3x,"org.eclipse.cdt.mylyn.ui",1360944101854
stopped,bundle,com.altera.sbtgui.flash.plugin,12.0.0.178,"com.altera.sbtgui.flash.plugin",1360944101864
stopped,bundle,com.altera.sbtgui.gprof,12.0.0.178,"com.altera.sbtgui.gprof",1360944101864
stopped,bundle,com.altera.sbtgui.core,12.0.0.178,"com.altera.sbtgui.core",1360944101864
stopped,bundle,org.eclipse.cdt.ui,5.2.1.201009141542,"org.eclipse.cdt.ui",1360944101874
stopped,bundle,org.eclipse.cdt.core,5.2.1.201009141542,"org.eclipse.cdt.core",1360944101874
stopped,bundle,org.eclipse.compare.win32,1.0.100.I20100505-1245,"org.eclipse.compare.win32",1360944101894
stopped,bundle,org.eclipse.equinox.p2.ui.sdk,1.0.100.v20100513,"org.eclipse.equinox.p2.ui.sdk",1360944101894
stopped,bundle,org.eclipse.search,3.6.0.v20100520-0800,"org.eclipse.search",1360944101894
stopped,bundle,org.eclipse.mylyn.team.ui,3.4.2.v20100909-0100-e3x,"org.eclipse.mylyn.team.ui",1360944101894
stopped,bundle,org.eclipse.ui.navigator.resources,3.4.201.M20100707-0800,"org.eclipse.ui.navigator.resources",1360944101894
stopped,bundle,org.eclipse.ltk.ui.refactoring,3.5.0.v20100526-0800,"org.eclipse.ltk.ui.refactoring",1360944101894
stopped,bundle,org.eclipse.mylyn.bugzilla.ui,3.4.2.v20100909-0100-e3x,"org.eclipse.mylyn.bugzilla.ui",1360944101894
stopped,bundle,org.eclipse.mylyn.ide.ui,3.4.0.v20100608-0100-e3x,"org.eclipse.mylyn.ide.ui",1360944101894
stopped,bundle,org.eclipse.mylyn.resources.ui,3.4.1.v20100909-0100-e3x,"org.eclipse.mylyn.resources.ui",1360944101904
stopped,bundle,org.eclipse.mylyn.wikitext.tasks.ui,1.3.1.v20100823-0100-e3x,"org.eclipse.mylyn.wikitext.tasks.ui",1360944101904
stopped,bundle,org.eclipse.mylyn.context.ui,3.4.1.v20100909-0100-e3x,"org.eclipse.mylyn.context.ui",1360944101904
stopped,bundle,org.eclipse.mylyn.help.ui,3.4.1.v20100823-0100-e3x,"org.eclipse.mylyn.help.ui",1360944101904
stopped,bundle,org.eclipse.mylyn.tasks.bugs,3.4.1.v20100823-0100-e3x,"org.eclipse.mylyn.tasks.bugs",1360944101904
stopped,bundle,org.eclipse.mylyn.tasks.ui,3.4.2.v20100902-0100-e3x,"org.eclipse.mylyn.tasks.ui",1360944101904
stopped,bundle,org.eclipse.team.cvs.ui,3.3.301.R36x_v20100825-0800,"org.eclipse.team.cvs.ui",1360944101904
stopped,bundle,org.eclipse.team.ui,3.5.101.R36x_v20100825-0800,"org.eclipse.team.ui",1360944101904
stopped,bundle,org.eclipse.compare,3.5.100.I20100526-0800,"org.eclipse.compare",1360944101904
stopped,bundle,org.eclipse.cdt.debug.ui.memory.transport,2.1.0.201009141542,"org.eclipse.cdt.debug.ui.memory.transport",1360944101904
stopped,bundle,org.eclipse.ui.externaltools,3.2.0.v20100427,"org.eclipse.ui.externaltools",1360944101904
stopped,bundle,org.eclipse.debug.ui,3.6.1.v20100901_r361,"org.eclipse.debug.ui",1360944101914
activated,perspective,com.altera.sbtgui.ui,,"com.altera.sbtgui.ui.cPerspective",1360944117732
started,bundle,org.eclipse.osgi,3.6.1.R36x_v20100806,"org.eclipse.osgi",1360944117742
started,bundle,org.eclipse.equinox.simpleconfigurator,1.0.200.v20100503,"org.eclipse.equinox.simpleconfigurator",1360944117742
started,bundle,com.ibm.icu,4.2.1.v20100412,"com.ibm.icu",1360944117742
started,bundle,org.eclipse.cdt.core,5.2.1.201009141542,"org.eclipse.cdt.core",1360944117742
started,bundle,org.eclipse.cdt.make.core,7.0.0.201009141542,"org.eclipse.cdt.make.core",1360944117742
started,bundle,org.eclipse.cdt.make.ui,7.0.0.201009141542,"org.eclipse.cdt.make.ui",1360944117742
started,bundle,org.eclipse.cdt.managedbuilder.core,7.0.1.201009141542,"org.eclipse.cdt.managedbuilder.core",1360944117742
started,bundle,org.eclipse.cdt.managedbuilder.gnu.ui,7.0.0.201009141542,"org.eclipse.cdt.managedbuilder.gnu.ui",1360944117742
started,bundle,org.eclipse.cdt.ui,5.2.1.201009141542,"org.eclipse.cdt.ui",1360944117742
started,bundle,org.eclipse.compare.core,3.5.100.I20100526-0800,"org.eclipse.compare.core",1360944117742
started,bundle,org.eclipse.core.contenttype,3.4.100.v20100505-1235,"org.eclipse.core.contenttype",1360944117742
started,bundle,org.eclipse.core.databinding.observable,1.3.0.I20100601-0800,"org.eclipse.core.databinding.observable",1360944117742
started,bundle,org.eclipse.core.expressions,3.4.200.v20100505,"org.eclipse.core.expressions",1360944117742
started,bundle,org.eclipse.core.filebuffers,3.5.100.v20100520-0800,"org.eclipse.core.filebuffers",1360944117742
started,bundle,org.eclipse.core.filesystem,1.3.1.R36x_v20100727-0745,"org.eclipse.core.filesystem",1360944117742
started,bundle,org.eclipse.core.jobs,3.5.1.R36x_v20100824,"org.eclipse.core.jobs",1360944117742
started,bundle,org.eclipse.core.net,1.2.100.I20100511-0800,"org.eclipse.core.net",1360944117742
started,bundle,org.eclipse.core.resources,3.6.0.R36x_v20100825-0600,"org.eclipse.core.resources",1360944117742
started,bundle,org.eclipse.core.runtime,3.6.0.v20100505,"org.eclipse.core.runtime",1360944117742
started,bundle,org.eclipse.core.runtime.compatibility,3.2.100.v20100505,"org.eclipse.core.runtime.compatibility",1360944117742
started,bundle,org.eclipse.core.runtime.compatibility.auth,3.2.200.v20100517,"org.eclipse.core.runtime.compatibility.auth",1360944117742
started,bundle,org.eclipse.core.variables,3.2.400.v20100505,"org.eclipse.core.variables",1360944117752
started,bundle,org.eclipse.debug.core,3.6.0.v20100519,"org.eclipse.debug.core",1360944117752
started,bundle,org.eclipse.epp.usagedata.gathering,1.3.0.R201005261100,"org.eclipse.epp.usagedata.gathering",1360944117752
started,bundle,org.eclipse.epp.usagedata.recording,1.3.0.R201005261100,"org.eclipse.epp.usagedata.recording",1360944117752
started,bundle,org.eclipse.equinox.app,1.3.1.R36x_v20100803,"org.eclipse.equinox.app",1360944117752
started,bundle,org.eclipse.equinox.common,3.6.0.v20100503,"org.eclipse.equinox.common",1360944117752
started,bundle,org.eclipse.equinox.ds,1.2.1.R36x_v20100803,"org.eclipse.equinox.ds",1360944117752
started,bundle,org.eclipse.equinox.event,1.2.0.v20100503,"org.eclipse.equinox.event",1360944117752
started,bundle,org.eclipse.equinox.p2.core,2.0.2.R36x_v20100804,"org.eclipse.equinox.p2.core",1360944117752
started,bundle,org.eclipse.equinox.p2.directorywatcher,1.0.202.R36x_v20100727,"org.eclipse.equinox.p2.directorywatcher",1360944117752
started,bundle,org.eclipse.equinox.p2.engine,2.0.0.v20100606,"org.eclipse.equinox.p2.engine",1360944117752
started,bundle,org.eclipse.equinox.p2.metadata,2.0.0.v20100601,"org.eclipse.equinox.p2.metadata",1360944117752
started,bundle,org.eclipse.equinox.p2.metadata.repository,1.1.0.v20100513,"org.eclipse.equinox.p2.metadata.repository",1360944117752
started,bundle,org.eclipse.equinox.p2.operations,2.0.0.v20100510,"org.eclipse.equinox.p2.operations",1360944117752
started,bundle,org.eclipse.equinox.p2.reconciler.dropins,1.1.0.v20100525,"org.eclipse.equinox.p2.reconciler.dropins",1360944117752
started,bundle,org.eclipse.equinox.p2.repository,2.0.1.R36x_v20100823,"org.eclipse.equinox.p2.repository",1360944117752
started,bundle,org.eclipse.equinox.p2.ui.sdk.scheduler,1.0.0.v20100507-1815,"org.eclipse.equinox.p2.ui.sdk.scheduler",1360944117752
started,bundle,org.eclipse.equinox.p2.updatechecker,1.1.101.R36x_v20100823,"org.eclipse.equinox.p2.updatechecker",1360944117752
started,bundle,org.eclipse.equinox.preferences,3.3.0.v20100503,"org.eclipse.equinox.preferences",1360944117752
started,bundle,org.eclipse.equinox.registry,3.5.0.v20100503,"org.eclipse.equinox.registry",1360944117752
started,bundle,org.eclipse.equinox.security,1.0.200.v20100503,"org.eclipse.equinox.security",1360944117762
started,bundle,org.eclipse.equinox.util,1.0.200.v20100503,"org.eclipse.equinox.util",1360944117762
started,bundle,org.eclipse.help,3.5.0.v20100524,"org.eclipse.help",1360944117762
started,bundle,org.eclipse.jface,3.6.1.M20100825-0800,"org.eclipse.jface",1360944117762
started,bundle,org.eclipse.jsch.core,1.1.200.I20100505-1245,"org.eclipse.jsch.core",1360944117762
started,bundle,org.eclipse.ltk.core.refactoring,3.5.100.v20100526-0800,"org.eclipse.ltk.core.refactoring",1360944117762
started,bundle,org.eclipse.ltk.ui.refactoring,3.5.0.v20100526-0800,"org.eclipse.ltk.ui.refactoring",1360944117762
started,bundle,org.eclipse.mylyn.bugzilla.core,3.4.2.v20100902-0100-e3x,"org.eclipse.mylyn.bugzilla.core",1360944117762
started,bundle,org.eclipse.mylyn.bugzilla.ui,3.4.2.v20100909-0100-e3x,"org.eclipse.mylyn.bugzilla.ui",1360944117762
started,bundle,org.eclipse.mylyn.commons.net,3.4.1.v20100625-2100-e3x,"org.eclipse.mylyn.commons.net",1360944117762
started,bundle,org.eclipse.mylyn.commons.ui,3.4.0.v20100608-0100-e3x,"org.eclipse.mylyn.commons.ui",1360944117762
started,bundle,org.eclipse.mylyn.context.core,3.4.1.v20100909-0100-e3x,"org.eclipse.mylyn.context.core",1360944117762
started,bundle,org.eclipse.mylyn.context.ui,3.4.1.v20100909-0100-e3x,"org.eclipse.mylyn.context.ui",1360944117762
started,bundle,org.eclipse.mylyn.monitor.ui,3.4.0.v20100608-0100-e3x,"org.eclipse.mylyn.monitor.ui",1360944117762
started,bundle,org.eclipse.mylyn.tasks.ui,3.4.2.v20100902-0100-e3x,"org.eclipse.mylyn.tasks.ui",1360944117762
started,bundle,org.eclipse.mylyn.team.ui,3.4.2.v20100909-0100-e3x,"org.eclipse.mylyn.team.ui",1360944117762
started,bundle,org.eclipse.search,3.6.0.v20100520-0800,"org.eclipse.search",1360944117762
started,bundle,org.eclipse.team.core,3.5.100.R36x_v20100825-0800,"org.eclipse.team.core",1360944117762
started,bundle,org.eclipse.team.cvs.core,3.3.300.I20100526-0800,"org.eclipse.team.cvs.core",1360944117762
started,bundle,org.eclipse.team.cvs.ui,3.3.301.R36x_v20100825-0800,"org.eclipse.team.cvs.ui",1360944117772
started,bundle,org.eclipse.team.ui,3.5.101.R36x_v20100825-0800,"org.eclipse.team.ui",1360944117772
started,bundle,org.eclipse.ui,3.6.1.M20100826-1330,"org.eclipse.ui",1360944117772
started,bundle,org.eclipse.ui.console,3.5.0.v20100526,"org.eclipse.ui.console",1360944117772
started,bundle,org.eclipse.ui.editors,3.6.1.r361_v20100825-0800,"org.eclipse.ui.editors",1360944117772
started,bundle,org.eclipse.ui.forms,3.5.2.r36_v20100702,"org.eclipse.ui.forms",1360944117772
started,bundle,org.eclipse.ui.ide,3.6.1.M20100825-0800,"org.eclipse.ui.ide",1360944117772
started,bundle,org.eclipse.ui.navigator,3.5.0.I20100601-0800,"org.eclipse.ui.navigator",1360944117772
started,bundle,org.eclipse.ui.navigator.resources,3.4.201.M20100707-0800,"org.eclipse.ui.navigator.resources",1360944117772
started,bundle,org.eclipse.ui.net,1.2.100.I20100505-1245,"org.eclipse.ui.net",1360944117772
started,bundle,org.eclipse.ui.views,3.5.0.I20100527-0800,"org.eclipse.ui.views",1360944117772
started,bundle,org.eclipse.ui.workbench,3.6.1.M20100826-1330,"org.eclipse.ui.workbench",1360944117772
started,bundle,org.eclipse.ui.workbench.texteditor,3.6.1.r361_v20100714-0800,"org.eclipse.ui.workbench.texteditor",1360944117772
started,bundle,org.eclipse.update.configurator,3.3.100.v20100512,"org.eclipse.update.configurator",1360944117772
started,bundle,org.eclipse.update.core,3.2.402.R36x_v20100629,"org.eclipse.update.core",1360944117772
started,bundle,org.eclipse.update.scheduler,3.2.300.v20100512,"org.eclipse.update.scheduler",1360944117772
started,bundle,com.altera.sbtgui.integration,12.0.0.178,"com.altera.sbtgui.integration",1360944117772
started,bundle,com.altera.sbtgui.project,12.0.0.178,"com.altera.sbtgui.project",1360944117772
started,bundle,com.altera.systemconsole,12.0.0.178,"com.altera.systemconsole",1360944117772
started,bundle,com.altera.systemconsole.designs.plugin,12.0.0.178,"com.altera.systemconsole.designs.plugin",1360944117772
started,bundle,com.altera.systemconsole.scripting,12.0.0.178,"com.altera.systemconsole.scripting",1360944117772
started,bundle,com.altera.utilities,12.0.0.178,"com.altera.utilities",1360944117782
os,sysinfo,,,"win32",1360944117782
arch,sysinfo,,,"x86",1360944117782
ws,sysinfo,,,"win32",1360944117782
locale,sysinfo,,,"en_SG",1360944117782
processors,sysinfo,,,"8",1360944117782
java.runtime.name,sysinfo,,,"Java(TM) SE Runtime Environment",1360944117782
java.runtime.version,sysinfo,,,"1.6.0_23-b05",1360944117782
java.specification.name,sysinfo,,,"Java Platform API Specification",1360944117782
java.specification.vendor,sysinfo,,,"Sun Microsystems Inc.",1360944117782
java.specification.version,sysinfo,,,"1.6",1360944117782
java.vendor,sysinfo,,,"Sun Microsystems Inc.",1360944117782
java.version,sysinfo,,,"1.6.0_23",1360944117782
java.vm.info,sysinfo,,,"mixed mode",1360944117782
java.vm.name,sysinfo,,,"Java HotSpot(TM) Client VM",1360944117782
java.vm.specification.name,sysinfo,,,"Java Virtual Machine Specification",1360944117782
java.vm.specification.vendor,sysinfo,,,"Sun Microsystems Inc.",1360944117782
java.vm.specification.version,sysinfo,,,"1.0",1360944117782
java.vm.vendor,sysinfo,,,"Sun Microsystems Inc.",1360944117782
java.vm.version,sysinfo,,,"19.0-b09",1360944117782
started,bundle,com.altera.sbtgui.launch,12.0.0.178,"com.altera.sbtgui.launch",1360944117852
activated,view,org.eclipse.ui.navigator.resources,3.4.201.M20100707-0800,"org.eclipse.ui.navigator.ProjectExplorer",1360944122592
started,bundle,com.altera.sbtgui.core,12.0.0.178,"com.altera.sbtgui.core",1360944122932
started,bundle,org.eclipse.compare,3.5.100.I20100526-0800,"org.eclipse.compare",1360944122982
opened,view,org.eclipse.ui.console,3.5.0.v20100526,"org.eclipse.ui.console.ConsoleView",1360944126412
deactivated,workbench,org.eclipse.ui.workbench,3.6.1.M20100826-1330,"",1360944126442
started,bundle,org.eclipse.cdt.dsf.gdb.ui,2.1.0.201009141542,"org.eclipse.cdt.dsf.gdb.ui",1360944126472
started,bundle,org.eclipse.debug.ui,3.6.1.v20100901_r361,"org.eclipse.debug.ui",1360944126522
activated,workbench,org.eclipse.ui.workbench,3.6.1.M20100826-1330,"",1360944134273
started,bundle,org.eclipse.cdt.debug.core,7.0.0.201009141542,"org.eclipse.cdt.debug.core",1360944137323
started,bundle,org.eclipse.cdt.debug.ui,7.0.0.201009141542,"org.eclipse.cdt.debug.ui",1360944137323
deactivated,workbench,org.eclipse.ui.workbench,3.6.1.M20100826-1330,"",1360944138333
activated,workbench,org.eclipse.ui.workbench,3.6.1.M20100826-1330,"",1360944144994
executed,command,,,"com.altera.sbtgui.launch.hardware.Nios2HardwareLaunchShortcut.run",1360944147594
started,bundle,org.eclipse.cdt.launch,6.1.0.201009141542,"org.eclipse.cdt.launch",1360944147604
started,bundle,org.eclipse.cdt.dsf,2.1.0.201009141542,"org.eclipse.cdt.dsf",1360944150974
started,bundle,org.eclipse.cdt.dsf.gdb,3.0.0.201009141542,"org.eclipse.cdt.dsf.gdb",1360944150974
opened,view,com.altera.sbtgui.launch,12.0.0.178,"com.altera.sbtgui.launch.hardware.ByteStreamConsoleView",1360944153494
started,bundle,org.eclipse.cdt.debug.mi.ui,6.1.0.201009141542,"org.eclipse.cdt.debug.mi.ui",1360944153864
started,bundle,org.eclipse.cdt.debug.mi.core,7.0.1.201009141542,"org.eclipse.cdt.debug.mi.core",1360944153874
deactivated,workbench,org.eclipse.ui.workbench,3.6.1.M20100826-1330,"",1360944164547
activated,workbench,org.eclipse.ui.workbench,3.6.1.M20100826-1330,"",1360944200053
activated,view,com.altera.sbtgui.launch,12.0.0.178,"com.altera.sbtgui.launch.hardware.ByteStreamConsoleView",1360944202280
started,bundle,org.eclipse.cdt.mylyn.ui,1.1.3.v20100909-0100-e3x,"org.eclipse.cdt.mylyn.ui",1360944203810
closed,workbench,org.eclipse.ui.workbench,3.6.1.M20100826-1330,"",1360944204110
stopped,bundle,org.eclipse.cdt.debug.mi.ui,6.1.0.201009141542,"org.eclipse.cdt.debug.mi.ui",1360944204540
stopped,bundle,com.altera.debug.cdi.gdb.plugin,12.0.0.178,"com.altera.debug.cdi.gdb.plugin",1360944204540
stopped,bundle,com.altera.sbtgui.launch,12.0.0.178,"com.altera.sbtgui.launch",1360944205540
stopped,bundle,org.eclipse.cdt.debug.mi.core,7.0.1.201009141542,"org.eclipse.cdt.debug.mi.core",1360944205540
stopped,bundle,org.eclipse.cdt.debug.ui.memory.memorybrowser,1.2.0.201009141542,"org.eclipse.cdt.debug.ui.memory.memorybrowser",1360944205540
stopped,bundle,org.eclipse.cdt.debug.ui.memory.search,1.2.0.201009141542,"org.eclipse.cdt.debug.ui.memory.search",1360944205540
stopped,bundle,org.eclipse.cdt.dsf.gdb.ui,2.1.0.201009141542,"org.eclipse.cdt.dsf.gdb.ui",1360944205540
stopped,bundle,org.eclipse.cdt.dsf.ui,2.1.1.201009141542,"org.eclipse.cdt.dsf.ui",1360944205540
stopped,bundle,org.eclipse.cdt.gdb.ui,7.0.0.201009141542,"org.eclipse.cdt.gdb.ui",1360944205540
stopped,bundle,org.eclipse.cdt.dsf.gdb,3.0.0.201009141542,"org.eclipse.cdt.dsf.gdb",1360944205540
stopped,bundle,com.altera.sbtgui.ui,12.0.0.178,"com.altera.sbtgui.ui",1360944205540
stopped,bundle,com.altera.sbtgui.project,12.0.0.178,"com.altera.sbtgui.project",1360944205540
stopped,bundle,org.eclipse.cdt.launch,6.1.0.201009141542,"org.eclipse.cdt.launch",1360944205540
stopped,bundle,org.eclipse.cdt.debug.ui,7.0.0.201009141542,"org.eclipse.cdt.debug.ui",1360944205540
stopped,bundle,org.eclipse.cdt.debug.ui.memory.traditional,1.2.0.201009141542,"org.eclipse.cdt.debug.ui.memory.traditional",1360944205540
stopped,bundle,org.eclipse.cdt.dsf,2.1.0.201009141542,"org.eclipse.cdt.dsf",1360944205540
stopped,bundle,org.eclipse.cdt.debug.core,7.0.0.201009141542,"org.eclipse.cdt.debug.core",1360944205540
stopped,bundle,org.eclipse.cdt.managedbuilder.ui,7.0.0.201009141542,"org.eclipse.cdt.managedbuilder.ui",1360944205540
stopped,bundle,org.eclipse.cdt.make.ui,7.0.0.201009141542,"org.eclipse.cdt.make.ui",1360944205540
stopped,bundle,org.eclipse.cdt.managedbuilder.gnu.ui,7.0.0.201009141542,"org.eclipse.cdt.managedbuilder.gnu.ui",1360944205540
stopped,bundle,org.eclipse.cdt.managedbuilder.core,7.0.1.201009141542,"org.eclipse.cdt.managedbuilder.core",1360944205540
stopped,bundle,org.eclipse.cdt.make.core,7.0.0.201009141542,"org.eclipse.cdt.make.core",1360944205540
stopped,bundle,org.eclipse.cdt.mylyn.ui,1.1.3.v20100909-0100-e3x,"org.eclipse.cdt.mylyn.ui",1360944205540
stopped,bundle,com.altera.sbtgui.flash.plugin,12.0.0.178,"com.altera.sbtgui.flash.plugin",1360944205540
stopped,bundle,com.altera.sbtgui.gprof,12.0.0.178,"com.altera.sbtgui.gprof",1360944205540
stopped,bundle,com.altera.sbtgui.core,12.0.0.178,"com.altera.sbtgui.core",1360944205540
stopped,bundle,org.eclipse.cdt.ui,5.2.1.201009141542,"org.eclipse.cdt.ui",1360944205560
stopped,bundle,org.eclipse.cdt.core,5.2.1.201009141542,"org.eclipse.cdt.core",1360944205560
stopped,bundle,org.eclipse.compare.win32,1.0.100.I20100505-1245,"org.eclipse.compare.win32",1360944205560
stopped,bundle,org.eclipse.equinox.p2.ui.sdk,1.0.100.v20100513,"org.eclipse.equinox.p2.ui.sdk",1360944205560
stopped,bundle,org.eclipse.search,3.6.0.v20100520-0800,"org.eclipse.search",1360944205560
stopped,bundle,org.eclipse.mylyn.team.ui,3.4.2.v20100909-0100-e3x,"org.eclipse.mylyn.team.ui",1360944205570
stopped,bundle,org.eclipse.ui.navigator.resources,3.4.201.M20100707-0800,"org.eclipse.ui.navigator.resources",1360944205570
stopped,bundle,org.eclipse.ltk.ui.refactoring,3.5.0.v20100526-0800,"org.eclipse.ltk.ui.refactoring",1360944205570
stopped,bundle,org.eclipse.mylyn.bugzilla.ui,3.4.2.v20100909-0100-e3x,"org.eclipse.mylyn.bugzilla.ui",1360944205570
stopped,bundle,org.eclipse.mylyn.ide.ui,3.4.0.v20100608-0100-e3x,"org.eclipse.mylyn.ide.ui",1360944205570
stopped,bundle,org.eclipse.mylyn.resources.ui,3.4.1.v20100909-0100-e3x,"org.eclipse.mylyn.resources.ui",1360944205570
stopped,bundle,org.eclipse.mylyn.wikitext.tasks.ui,1.3.1.v20100823-0100-e3x,"org.eclipse.mylyn.wikitext.tasks.ui",1360944205570
stopped,bundle,org.eclipse.mylyn.context.ui,3.4.1.v20100909-0100-e3x,"org.eclipse.mylyn.context.ui",1360944205570
stopped,bundle,org.eclipse.mylyn.help.ui,3.4.1.v20100823-0100-e3x,"org.eclipse.mylyn.help.ui",1360944205570
stopped,bundle,org.eclipse.mylyn.tasks.bugs,3.4.1.v20100823-0100-e3x,"org.eclipse.mylyn.tasks.bugs",1360944205570
stopped,bundle,org.eclipse.mylyn.tasks.ui,3.4.2.v20100902-0100-e3x,"org.eclipse.mylyn.tasks.ui",1360944205570
stopped,bundle,org.eclipse.team.cvs.ui,3.3.301.R36x_v20100825-0800,"org.eclipse.team.cvs.ui",1360944205570
stopped,bundle,org.eclipse.team.ui,3.5.101.R36x_v20100825-0800,"org.eclipse.team.ui",1360944205570
stopped,bundle,org.eclipse.compare,3.5.100.I20100526-0800,"org.eclipse.compare",1360944205570
stopped,bundle,org.eclipse.cdt.debug.ui.memory.transport,2.1.0.201009141542,"org.eclipse.cdt.debug.ui.memory.transport",1360944205570
stopped,bundle,org.eclipse.ui.externaltools,3.2.0.v20100427,"org.eclipse.ui.externaltools",1360944205570
stopped,bundle,org.eclipse.debug.ui,3.6.1.v20100901_r361,"org.eclipse.debug.ui",1360944205570
